,0,1
0,SpecSnowflk,GreenSkyOverMe
1,GreenSkyOverMe,SpecSnowflk
2,SpecSnowflk,Doxial
3,Doxial,SpecSnowflk
4,SpecSnowflk,gaming_for_kids
5,gaming_for_kids,SpecSnowflk
6,SpecSnowflk,rugliabeoulve2
7,rugliabeoulve2,SpecSnowflk
8,GreenSkyOverMe,Doxial
9,Doxial,GreenSkyOverMe
10,GreenSkyOverMe,gaming_for_kids
11,gaming_for_kids,GreenSkyOverMe
12,GreenSkyOverMe,rugliabeoulve2
13,rugliabeoulve2,GreenSkyOverMe
14,Doxial,gaming_for_kids
15,gaming_for_kids,Doxial
16,Doxial,rugliabeoulve2
17,rugliabeoulve2,Doxial
18,gaming_for_kids,rugliabeoulve2
19,rugliabeoulve2,gaming_for_kids
